Task,Homography@1,Homography@3,Homography@5,Repeatability,MLE,NN mAP,Matching Score
superpoint_hpatches_test,0.48849557522123893,0.7592920353982301,0.8230088495575221,0.628956717750105,1.0791125953919847,0.7818571957458581,0.44625424077774617
