Task,Homography@1,Homography@3,Homography@5,Repeatability,MLE,NN mAP,Matching Score
cityscapes_export,0.0006722689075630252,0.9996638655462184,1.0,0.8334397590410166,1.749887778983266,0.9444106467065364,0.9961025527790773
