Task,Homography@3,Homography@5,Repeatability,MLE,NN mAP,Matching Score,Segmentation IOU
cityscapes_export,0.9996638655462184,1.0,0.8334397590410166,1.749887778983266,0.9444106467065364,0.9961025527790773,0.8426946510762272
